Y,X1,X2,X3
15.19675673,54.62649366,9.340002289,34.57120564
16.98379587,43.77001554,4.821709316,14.5710912
17.20782573,46.97050262,1.36548147,9.135363745
28.25877212,100.7167095,1.873971645,41.68466269
16.20804018,57.16007487,4.750362735,31.43470243
12.22851725,23.51984457,10.27714713,31.18750409
18.61565906,55.50601128,5.683179075,35.17362551
8.831379031,11.3407187,9.124644583,38.39767599
16.15400087,62.40623247,8.254797237,46.13939662
17.53919032,39.0499292,6.004196767,11.35499311
12.81379302,40.84033679,5.572145024,12.13501606
15.8325892,25.61314058,7.076951009,27.24394468
9.400606869,22.85783875,4.214630172,1.853593233
16.38676721,41.77075646,3.973793003,15.69162286
11.45690735,17.5239849,7.975750419,26.65363862
19.44237182,70.00637825,0.725907087,23.96923876
15.38208978,27.89257697,-4.044842771,-16.79843259
10.9462383,10.33350196,8.257570845,11.71988935
18.87743353,55.31001986,7.714361138,21.15290336
8.675356437,31.72236305,-1.758175063,3.966151514
13.40333688,36.32257396,0.431865481,13.4543051
19.40991111,47.91137176,1.657655541,11.40456909
11.02157986,39.90713011,3.816228542,21.1922003
7.62769786,8.758809106,5.9330596,25.82975348
4.523180522,0.516716392,8.652349268,18.28721871
11.31758419,45.44842416,6.571565668,36.54280887
16.73344946,53.55532979,8.624535373,34.85844708
13.4056574,30.37534577,5.611683301,15.28753524
7.061218164,21.64429081,8.053967451,29.02458795
14.07750289,29.26188619,1.021043295,20.30829631
13.91703871,16.28300381,2.629073341,4.597691924
18.51258291,73.10441201,12.34736924,45.71647838
12.39871063,27.65413966,6.873636614,18.38694212
11.80116501,31.19294703,9.455824809,41.98441919
17.29629862,50.83859775,7.914569126,33.56359924
15.20685477,40.93514606,1.980302789,30.32796073
16.1819147,50.45708138,7.367815816,29.48371536
14.43531274,46.21334204,2.665081736,30.1133574
14.39760832,43.4668443,7.482492321,24.8672677
7.675856276,10.03268666,11.60599571,20.67748798
23.57334373,75.17376902,-0.925808588,32.26273038
21.345945,49.64426831,11.04065262,51.01695823
17.87883404,55.42598299,-0.424089563,11.2800149
14.93859086,32.53492817,2.912084925,7.25894165
17.94223568,56.56937059,7.773800318,33.45503102
22.79171776,45.12794776,0.531127927,-2.266616299
16.32646657,42.07899383,5.033678795,37.52477746
13.38565567,61.20194243,1.885340489,19.65113939
21.46035366,27.04081725,-2.963010968,-4.101348361
18.01361291,60.21318278,3.086714746,18.84040715
9.998360933,-2.299630846,9.493217661,33.83563433
25.20389379,102.7179031,6.443994694,40.50406573
13.84625413,56.38423264,4.680561831,34.62489085
7.403564111,-6.663955587,4.101701842,4.312119933
24.69302887,67.55282207,-2.733818455,13.95577056
19.12502895,47.9918455,5.268239131,27.45736808
13.9403161,38.97074051,9.439166917,54.52605873
7.639261437,15.81754282,9.784840123,37.19902848
2.07767317,-3.30587249,5.235558047,-3.123179925
15.03687676,20.98914376,5.453917484,12.3427154
14.5079487,39.26020739,1.172494432,12.91332793
13.53513597,34.55098452,11.88455459,31.9433969
11.12319161,11.29110965,10.7481542,32.31010029
11.60402634,42.65009613,9.068066781,32.86344217
22.43137703,67.39973286,5.385771487,24.39840504
19.16304337,39.43969527,-1.174374955,18.55466256
15.28373026,27.33710554,5.039854865,20.43522617
17.3454736,34.41855832,4.014065186,15.82322187
6.685013213,52.99106361,9.353540542,37.36622265
14.35771439,21.13124524,3.940286639,-11.92323542
15.34449735,44.28941621,1.58322866,34.52512585
20.68151938,57.93089703,6.643268748,48.1229765
10.02918373,38.50808339,12.52953208,40.18956558
14.96115082,52.19776862,3.545406146,17.9004824
11.30088451,10.85152008,0.606782756,9.601161267
17.50788346,27.7841775,0.987429561,6.590817098
10.67304718,19.39054259,3.772467758,8.723610048
21.10734573,41.0236243,1.499346919,22.10362091
17.5782395,41.46084945,3.613689646,22.49977502
10.41554414,16.83740639,2.361857169,-5.581071093
17.06286694,33.54181876,2.329574265,12.3996697
11.52832842,56.73598002,3.291587131,31.70483434
14.40797101,22.94342533,-1.462022765,-6.59374777
6.940261608,18.76607009,6.373486198,21.55201696
14.76572604,53.7648552,4.387029951,12.90148026
14.47158688,37.53486937,9.607282309,15.74281382
16.25215001,28.99230566,-3.58135797,-11.24604102
18.11618288,54.88243033,9.207612246,38.55987464
19.91160167,53.17848217,1.379887052,25.3087535
12.08670981,8.686282031,6.056920369,-18.6635474
21.03571781,51.63162809,-0.711955153,22.26172661
7.047836556,10.90527481,5.524652999,5.423509315
18.27908002,48.52034566,4.916816947,13.86937177
25.57524251,76.84273292,7.477900335,53.6136837
7.099642157,25.57222624,6.454235474,10.73706175
17.39302845,53.95911428,5.917530205,25.0491935
22.08540055,52.6450696,4.093867826,20.12109039
15.59142185,40.43931358,-0.053360686,-5.417923226
15.19431145,42.40581914,6.007927358,23.1664648
7.310599482,23.09102577,7.05153936,26.66954261
15.06347021,58.01230218,4.991231981,41.22571613
20.33894346,49.71076866,-0.003318899,9.660072128
10.47792692,10.06820135,8.935336463,35.44613077
7.077073236,14.71006345,2.820053616,2.449775835
16.8042524,28.27690058,1.807540435,18.91513108
29.00241507,102.4755084,7.373905093,50.90335813
21.90738119,52.54819163,1.631671903,28.3621165
15.26017393,50.91529876,7.036550595,33.58310464
12.77830757,25.36702242,3.26816149,23.42453776
15.58354614,44.58863323,1.285847873,11.21020306
8.089224621,35.69239194,8.677098935,36.01052239
21.89824525,58.90038825,1.118885191,9.262221079
19.65401578,53.26841278,2.182184416,4.65236572
6.434546424,1.757644849,6.893352829,4.893111785
24.32758373,73.10018689,2.634518948,32.06013233
22.48792438,82.06783483,3.167293151,39.22977618
10.42983306,36.63143285,7.972639986,39.078824
16.65268032,49.50724422,10.47125668,26.16535748
23.69244801,72.72261906,3.597249048,27.68477622
22.24641731,48.23865113,-2.393674521,6.408190968
24.64169244,82.72612122,-0.109834651,19.70562885
5.827364704,12.36071298,13.7816751,27.0865523
19.22583316,53.29855958,-1.452192278,23.18522974
15.45755391,36.67936714,4.371444248,15.96496474
16.28415739,20.82185736,4.857466729,18.04145884
9.474346975,38.14907717,6.171402151,43.91045788
16.6712893,63.7584164,8.584662471,42.4610508
14.04570163,30.19529851,0.291623553,0.927843319
10.38691673,38.62381182,7.633566505,46.72575862
20.3265414,55.36810762,-0.682886374,-8.528768324
15.00136217,26.74315491,10.05038156,23.51619922
13.88793741,31.93736964,6.810616421,6.238593502
13.55308035,51.07408211,6.396162259,35.40444381
8.263889343,14.88108684,8.263793318,6.78243586
13.24511324,33.1414913,10.04233379,27.53169018
12.00926266,16.43309742,1.677047991,-1.172450163
18.47877022,54.73717155,5.02617832,21.30156671
10.97530654,15.45916261,0.508885351,8.090185269
18.39425429,70.52172944,1.043858758,17.66935157
12.98727138,34.69094109,5.802949071,20.68718627
22.64834759,68.85959192,2.394032127,21.97324039
16.87059673,35.73108367,1.727745752,-9.391320323
18.02693068,47.4478346,3.573697738,13.80532833
13.10271787,30.34177051,-2.311552708,12.24595464
18.92740739,70.00962302,5.869915798,31.67820369
15.32972441,39.63562991,7.312332982,36.51721743
21.66675216,62.92661911,2.548026042,35.76051819
21.19831458,34.96307344,-0.442696987,5.770189255
12.0326439,22.96277905,5.733039257,32.05759217
13.16793048,10.44104926,8.466886591,19.1357004
10.91159642,28.93794941,6.180460988,24.68189672
19.68193766,38.17253113,6.095810284,22.00447165
6.05982294,-13.45765605,12.88434031,18.5257406
12.05920204,35.01560079,5.334148795,12.44661823
11.42881835,34.87624976,4.369780623,38.30208387
15.05705572,21.01653055,7.850682554,10.20052674
16.86908599,43.59520345,3.231112811,24.97253298
21.13095836,64.62385828,5.150748835,32.63148643
21.31683846,48.50661549,1.919321996,30.34831941
13.25721395,37.57658538,2.526301478,7.293434939
12.59227822,43.39123303,2.206218212,20.35101565
21.46446892,56.11287353,-0.853974222,24.61514438
12.54825009,43.18990931,6.228248253,35.66568689
11.08492961,9.944469956,10.86918699,25.20305817
16.31146851,37.53142042,5.298618847,22.24780398
18.02494557,50.17569599,10.11426509,39.2803692
27.27670731,68.48197226,0.24365203,11.72817235
16.51313866,63.76557152,1.390914464,21.61808405
17.62077529,58.96540869,2.365286348,21.77570518
17.22098259,60.75535329,5.06037668,30.48127034
21.46437545,58.28441751,7.466808181,32.26241503
13.04825238,33.92822861,8.543553074,22.63183033
12.68435788,29.48826003,15.01527662,50.16199896
10.12274496,38.40328145,8.277156119,42.79298455
19.5406279,47.99186062,-0.94389842,-6.869638452
5.732341527,8.224212573,12.29222988,25.99631499
11.19827528,37.03232279,-3.921986937,-6.70620402
6.527157013,10.44068545,13.93212583,45.22854496
21.57076308,75.35729489,6.759045721,38.45595889
14.32603241,48.33788421,7.324476489,30.74505906
16.44851935,57.11204261,9.272786462,44.47255492
21.96797147,63.30586101,6.125148586,34.14741513
20.87380499,51.15510059,2.202167336,20.20562055
17.61672267,69.57255681,9.985492393,39.28422148
18.68402237,47.0860383,6.479897629,23.25869077
11.44067766,21.22899718,-1.010554391,-9.524238321
15.26525843,50.17012777,5.428926868,26.15917315
15.98169712,39.2241214,8.869417915,42.8250515
15.11727002,31.38805542,7.837984648,38.66887726
17.28056955,32.83990567,6.382115483,25.69273673
13.72049888,22.29567005,6.983031877,15.61334712
12.85771656,34.07166926,6.046781121,21.57238538
8.614579456,10.9200348,4.036422066,13.03322845
16.94200647,32.86680279,0.814025167,20.03923931
13.63106113,11.01353508,3.72565004,13.71465835
7.803987551,20.94133707,3.522277255,12.43780998
16.67633291,34.21973151,3.25008067,17.36106194
10.11260474,20.58849728,-0.258664188,5.727985533
18.48612743,6.372548893,0.171812676,-12.43070665
15.31376109,42.97966125,-0.061692597,7.919668077
17.29497772,60.0363936,0.648760389,14.81140841
23.96939512,72.68991922,-3.641275359,11.47080157
3.774261074,3.445173552,11.91269643,42.51016129
14.87973105,29.0428533,2.10707367,9.304474107
16.40524015,52.83118161,3.18429593,17.48154378
11.21571705,5.457426089,4.733284122,16.59750293
22.13988044,48.70987148,4.828800928,19.38685595
21.96590953,55.92793067,-2.389756665,3.040786185
16.08990928,32.40958563,5.881902994,35.24882226
15.03927204,38.97467847,-1.153673739,9.865508106
21.40219531,70.84531817,-0.199493123,12.96564509
15.77355529,34.4528903,-1.345142095,5.288691337
23.36701677,58.27637864,2.975195516,28.16458745
15.94378178,66.15531481,8.943996754,55.84953229
13.87968817,20.8933339,4.849612179,2.614684656
13.21505643,37.65962824,0.625920199,8.642226621
14.12545885,36.04150677,7.369889509,15.7284434
12.37848841,35.96553196,7.270846234,17.96589277
23.3326988,64.17157518,7.878106226,40.87391384
10.89782379,50.50156649,10.00491306,50.05483874
23.51505192,78.58728901,3.234385716,37.06905333
20.99045913,46.49835404,3.07123645,2.960023278
14.56103316,14.85915546,5.568315494,21.95965188
21.98440266,69.77219738,-0.451480671,6.622869042
16.27373193,45.02342381,4.743048298,21.96765666
19.46769834,52.72988575,5.365627571,32.82000289
16.98928824,43.99764071,7.095070153,16.4939673
12.0476487,43.99074019,7.285679366,18.74591263
18.47567027,59.23022588,2.566763499,26.78765352
19.78020433,42.79414368,-0.08325782,26.04722229
14.85311871,43.6822132,3.752152768,21.02395357
16.01248918,35.53031902,6.088603739,28.32958439
6.312196655,12.90499656,4.067337107,20.2232339
16.36317908,47.25019665,-2.711570239,3.385959804
17.42833249,34.88168359,-0.462786181,6.941636836
2.504745541,0.268631739,11.23425221,15.57706888
15.88405763,39.9650904,7.234758137,18.22269622
21.22886206,47.27566729,4.196616802,21.7417394
17.85473411,42.59486735,-3.029218227,15.46469876
24.3087997,81.80064575,3.566026773,43.21528896
11.7386701,40.09641863,10.22424981,38.53227585
21.4322108,77.82066564,5.591850199,42.84670359
8.494220282,39.0302701,7.152174651,35.31063192
7.630953551,17.01654332,9.861196859,17.91341727
17.93033215,39.01325588,11.92975091,31.13463949
13.10500304,52.32539507,0.488854572,26.14035777
21.42414279,52.48447706,6.651161955,15.18060033
20.38913892,54.34926853,3.858958302,31.32305026
17.07855263,43.94659499,4.188431532,25.83040326
15.79489096,39.36753477,2.066614051,9.692167511
13.82534999,42.16081583,10.71377061,42.96130765
7.759833468,23.13049153,6.728073364,28.22969083
17.1168733,56.71699566,2.28314071,31.83027228
13.17288199,21.17278527,8.867925766,24.25672309
26.14303418,67.21532693,0.583122153,24.81366035
16.6239551,35.49786257,5.150363424,37.4988827
11.81900592,29.77068101,2.094485277,28.85473163
2.860733276,-14.47659961,11.26881758,27.9990875
13.91477537,56.89559724,6.853798596,50.55886529
13.97934589,27.03054032,7.505008581,10.24636978
18.53402451,54.94597087,7.645068192,52.80064919
18.77319424,73.06419786,2.50130272,17.31707655
13.15670381,36.25143661,7.357069124,44.79117343
19.80992375,68.34105876,4.72076611,32.90770309
21.70671183,59.91490704,-5.193920374,-17.48950523
20.28839072,85.08262625,4.371230906,52.75838821
21.49321422,64.58511841,1.328173561,19.88383784
18.57343881,53.73158236,5.870337241,37.63997833
7.710365172,13.33402798,6.915786968,22.36448797
16.91192715,43.50548427,6.525358135,39.28530683
9.821359542,35.84330972,8.426002856,30.54779541
24.91873878,71.13653375,-2.179054127,8.623465595
16.30198364,41.46497098,3.747234721,9.424629317
12.07154396,45.11744536,9.352505126,39.36677402
13.62357126,65.05978931,2.969620369,20.08235022
16.34251053,33.35024817,1.440391808,-0.296356169
16.94694048,60.93035053,5.466931525,38.03477762
17.35935641,34.37324273,-1.735696787,1.788999549
15.02574738,42.29848489,7.970571708,43.70767006
12.29818108,25.03571951,11.65729056,44.48745137
16.8064385,28.92388082,1.669297612,13.04010696
10.93981849,36.70607712,1.466713089,8.111096596
19.0339984,50.3103492,3.157017221,37.57164395
10.88060047,21.59812043,7.451942776,20.1055804
7.873572432,21.1619416,4.825387856,10.04260893
11.42379224,28.68950702,-2.502650916,-6.631281737
8.712332893,44.74676093,6.887937735,33.79251488
20.17884182,53.15434344,6.458878603,28.12401319
23.08420117,75.41412795,3.586470008,25.5858098
17.69540212,31.48179528,5.548299786,32.12842862
17.32480756,48.82790418,-1.099953204,20.32470318
16.22779578,41.39200236,0.59602126,35.36734354
14.93648481,27.51685514,3.640122657,24.38472209
10.9486923,14.33634818,4.268677689,26.31570324
15.98362934,49.94249105,6.849138088,21.3311192
14.12767265,23.46650389,3.049770199,7.252823636
16.5407934,46.02192275,9.279302585,35.34670966
17.03711183,60.11730515,-0.583862023,25.44126656
12.41481186,22.157986,5.463561657,13.63465819
10.39041349,43.76282663,5.788771397,39.63738637
23.37573761,77.65903046,3.286626899,19.26404903
17.21543579,35.03728412,5.068008725,22.23357687
22.12333456,45.87226456,9.337359465,29.12212799
11.60048903,42.63967543,5.284673013,30.82922166
5.671821944,10.49460317,8.796958255,31.31094453
5.749704446,2.857503838,1.818622807,-10.06735904
22.43878173,71.40935017,4.009112333,19.49762694
25.62552366,84.57662208,0.128634656,16.49531994
17.34345109,57.65245971,3.41249892,39.32882338
9.603165475,24.80434537,11.41472157,23.02335471
20.73609872,42.43932164,6.497370635,36.3817729
19.04900515,58.08689435,7.048490237,43.10108065
16.295834,55.26101761,9.104559921,29.54583038
13.3215171,39.92544274,2.697020456,23.71392944
18.1756262,39.69030899,1.439179619,11.91554722
14.42224109,28.6748904,6.264549847,13.27746427
10.50898086,19.33724883,4.784552147,3.402021365
14.41348461,42.24796355,9.539313851,29.49497703
17.50102902,61.10360244,3.435843181,23.93224763
11.65535304,32.46071571,8.348847768,39.53676099
8.951446565,27.28749176,16.56355094,61.80352559
15.28425919,34.39809016,0.242754794,2.361586227
16.25066817,34.82678547,7.534141911,7.892680661
10.31072582,30.28370569,6.955728112,35.72617457
23.17704154,70.80577807,0.227253887,5.572169921
19.7334031,59.25915863,7.345709537,41.86216297
21.84177305,55.30685212,2.921715113,30.51459765
26.0578992,71.80245928,-0.299815776,24.51293709
1.485693888,-20.0408839,8.430094737,9.699939771
9.985235032,21.6117709,14.88429712,43.81212401
9.657647948,33.16924816,7.282033259,17.27047655
7.904110173,7.942537367,7.762477878,10.20936239
20.35371674,51.77975484,1.226753224,7.113477433
20.18175091,56.3444481,1.570742249,35.03170503
13.62911583,42.14227963,11.82298125,20.79245905
7.96090649,9.470558252,9.140362408,7.401388626
18.84900295,54.56387199,4.361685262,31.47312002
12.15516681,49.04302654,10.97646486,40.02583355
14.40343548,39.08297588,1.227140722,5.844698313
25.0345031,73.08657792,-5.567711381,-1.586823806
17.96506358,61.48463743,7.225673259,31.95958517
21.30781034,51.56791577,-0.709103637,14.43972431
10.33447903,24.08711189,6.626770858,16.00021064
10.43150364,16.81140005,3.961862203,15.00362996
11.99338893,40.06727813,11.10809886,60.23125788
19.24585019,41.98082998,-0.525757409,9.576049099
16.7039149,21.46517267,7.006119532,12.8701837
15.84710089,39.66647836,8.665391737,34.22416241
18.69586209,52.81257017,4.390726206,39.85150601
9.239094068,35.74015331,10.65605251,47.66507755
21.49985633,58.79847244,3.76148578,26.29565485
19.97974765,63.40513864,6.517040537,25.50378423
20.35301217,45.62517231,-1.112855642,13.59667694
17.11961562,58.82759477,1.732837813,9.741621078
9.289530526,19.88414396,3.67555996,20.65927415
10.83325162,13.06663696,2.076057128,12.30337549
9.138878401,37.59904392,4.613577193,25.00739354
11.14911393,28.66084674,9.310171489,22.40785133
19.63508511,60.91652197,1.459406742,13.83677131
8.872929271,12.02575426,1.749924157,-1.047852375
25.12960582,72.87649563,-3.844935041,26.7336442
6.387934355,30.42883219,13.34027045,49.49596371
15.00728909,63.80359658,11.01789535,47.14382614
12.60535054,32.30981867,7.902766882,26.44436316
11.55196604,45.6275242,8.716588539,37.23130028
10.17982026,35.21756074,5.349857516,31.62704686
8.46751332,18.15988582,7.388619111,11.75420025
15.69447038,20.902999,5.550815485,17.53035034
20.28889211,62.0180229,2.072248489,11.06103463
15.20176863,55.8675949,8.781772572,36.70126573
18.05314848,50.28013077,3.668349418,44.66696998
16.367676,61.8477606,3.494380363,46.22499301
16.82774481,28.56021322,-0.189583351,-4.980409387
16.82802402,42.4871178,4.58906044,11.7844377
13.77906763,24.65168008,6.679410214,25.49364816
9.277705247,16.71042311,7.218815035,21.6036388
14.9497416,24.56876563,-0.316986448,6.77448625
21.93768511,54.13653607,-2.859536097,14.72252635
12.41657243,30.93055635,6.052136767,46.08090374
25.94916248,63.23254052,2.697428976,24.89323289
18.93451755,61.37281365,0.110753644,29.61888505
6.956392672,-11.64549544,7.226126347,10.34418136
16.27634662,26.81340812,2.920811036,18.77913953
15.94819357,47.62711607,0.349291572,23.447392
24.70247269,71.01466921,0.665777001,19.65422739
27.42986782,99.02006275,5.79713406,41.91057423
17.61002898,39.54913172,9.319972221,36.88646537
14.32346418,39.59169841,6.432205523,31.84900115
9.619698826,32.43690484,6.911876111,30.84627464
17.63736137,51.04541589,-0.335285242,26.49767337
15.54899603,38.7827189,8.569570088,31.18346325
10.87355146,19.72049406,8.760485273,20.90028743
15.22638247,34.63530945,-0.046418371,-0.083671847
12.52784021,58.32915755,9.674583254,44.80896772
9.211818283,13.59709261,5.539561551,9.727816564
3.526240415,-3.766839294,12.29770842,27.82601326
6.301278782,8.335458227,9.244047725,22.17950701
23.11862521,69.13885057,-4.110961985,20.4695312
15.07906898,26.8655634,0.950804831,4.228907119
12.47162174,28.0488286,7.966276217,19.00596233
18.31600222,63.452773,2.847894048,20.7943756
9.316447311,41.25266826,13.32578477,47.11619241
13.52133107,16.57120733,2.513442659,0.35535505
24.36117451,48.656144,4.617992097,9.201589635
16.68078216,37.44318132,4.124904171,30.91381472
15.84819147,44.33406823,-0.559068612,-1.709946438
16.03720683,33.57862638,4.48113353,19.31111362
18.74534835,36.48326654,5.860321193,28.06707803
13.57256182,23.93934764,7.791332063,21.8830425
21.42882587,73.31394762,10.19209961,56.69039028
4.086788106,2.841104669,9.619935208,13.45103993
22.32459695,78.48755196,2.9828397,30.12197113
13.62688838,28.52612438,8.373243555,32.3088128
11.59633849,36.39061832,6.978403226,33.90140567
15.51161035,20.92438937,5.870107949,22.12495114
19.23453522,43.72915142,3.639415517,29.68771653
14.10299577,49.64135363,10.22909545,37.94233384
9.876285846,22.81674723,8.256129911,34.53901594
12.0104938,22.10280109,10.44513306,31.70525829
20.38752206,55.12167186,4.255731316,23.77831313
9.586041485,14.83435149,11.37426751,19.94588501
27.16122852,71.01512885,2.228257285,7.173558409
15.67156278,40.81327535,6.498185065,20.5208288
16.79698242,57.19300967,1.860905484,15.54492271
14.95049466,46.69934869,2.578020128,21.25723706
11.82581238,31.12567216,2.005031418,9.98878163
15.70815667,51.45461648,5.681940582,40.24197396
27.2838237,94.09436211,1.002229377,32.46275666
19.05241793,26.28587537,-4.047962324,-6.613350907
14.52000433,58.49965149,5.203603562,15.75154222
16.09805358,17.97357984,5.275461827,23.7416775
17.58701429,37.17751954,2.174467416,17.61022636
18.76823159,69.25469028,3.811043903,34.66768538
16.92373552,52.89666075,1.655072852,27.99374147
8.089683591,1.961300034,2.687070659,13.47678621
20.18747516,49.93625958,1.524787677,14.78434056
12.2600414,22.30570168,-3.659285574,-10.11942548
13.20540725,30.75427312,11.36606156,40.86274091
15.52105831,54.41827446,10.13441134,45.00044066
10.68774138,20.79942035,2.274057942,5.598872736
14.7237711,41.23257805,3.285091528,17.92221789
17.60429271,26.06693047,-1.229084646,5.00765473
15.54915477,35.63278583,3.116786233,21.3156923
8.889514658,8.30640267,9.034397942,12.19928352
18.59013899,44.44229749,4.467783826,26.91548616
21.25917867,66.60906358,4.13486184,54.35548934
13.58645437,35.21018801,4.637069131,22.53118796
12.21352036,36.71100052,8.411480823,26.51369313
16.01158066,40.06958783,3.248366029,28.3132872
13.5548026,46.99711512,3.909126512,16.44647088
18.62032171,52.44958315,9.229865283,38.2333884
8.692018595,13.94412473,6.793732932,30.0118143
11.61590065,42.96702332,4.6542795,39.89773228
13.33366908,26.94035524,2.400271379,6.932263467
12.15779458,26.72888594,3.291955559,16.11533806
12.9610621,28.74640353,3.078637564,0.766009951
10.59802109,49.99261504,4.723768516,27.23690292
21.31700737,71.87040342,3.077778113,28.52951094
15.7786322,11.39662971,-2.226901837,-7.270446162
11.52485747,47.49381475,-1.088397589,16.8673988
14.02238511,21.16791915,1.742378479,20.72764025
14.91976728,53.70257534,8.776906448,33.93691747
9.427006664,48.26871837,7.494574766,36.47534141
12.81844414,36.61224069,5.68614903,26.1389513
22.80621085,72.97295914,0.969112778,20.40934194
12.87588136,36.42934761,0.184041729,2.548755982
8.383637539,18.40717453,6.461485654,20.3700722
15.8565191,42.19385996,3.143675467,22.0158693
14.70808389,51.26506689,4.458725899,31.60437008
14.40945935,45.20488385,7.195735408,40.78291127
10.73530374,29.35617737,1.520868044,11.94288149
24.5496066,58.8986624,1.405762339,16.08573694
8.107081621,18.88002894,5.600333401,20.23994351
18.5584997,43.07103889,8.915601725,44.71978001
21.12810394,55.13639765,2.936131177,27.78440975
18.12135081,34.33774319,3.541820472,36.69015218
20.33822747,80.33528799,4.153151454,56.5287231
18.55694346,79.01233113,11.05883483,58.30526461
16.57381358,61.42829552,1.942163401,18.27969269
22.32486604,47.38511063,1.319320191,9.37030216
19.57755869,76.47220115,4.496221224,35.15457453
19.11902831,31.22820401,5.450952577,17.18140268
6.524434089,17.05829915,11.54819611,39.1461226
15.28358972,40.58363349,3.697097742,37.06071897
8.574458201,11.83547425,-0.879221659,-7.718241607
17.40990669,42.91737799,14.14127897,29.70583503
20.83616711,67.80207693,4.847443179,23.79362869
13.80253505,34.92450329,4.564170605,13.30443048
4.118516342,-12.27383425,7.965594168,8.114204635
21.00730167,56.71684895,4.681990405,21.28116359
14.99414544,58.76314934,5.572870382,34.16654814
15.53800915,52.75452998,3.216768329,37.3684202
16.16995525,40.4224755,7.944289494,34.89285245
17.07696296,32.69564444,8.765243663,44.70990933
13.58024797,26.96895684,1.991500733,7.772639055
14.78845248,11.97655478,6.727276631,16.40306155
18.88278734,52.69903427,2.34597359,20.81639207
9.822658632,29.68735379,8.524239049,43.70658364
9.974890494,34.49147801,16.1226816,47.26259154
20.15332071,44.35871946,1.45884454,7.904331735
4.271029901,13.95320508,9.791675906,48.46803832
18.28652196,63.2427474,0.761124431,33.66727727
13.99740058,37.79547515,1.968667199,15.58471054
11.32361475,26.10234956,2.653488912,15.83743388
7.067421592,39.15786543,4.938212406,31.09105986
19.77733812,46.38762334,1.665875374,9.851411137
17.75168254,44.41950009,3.757050878,20.58898152
9.422367728,30.31105127,6.822780431,39.97660841
16.59876027,47.29847044,6.591603695,27.57932005
11.85728708,41.20738647,10.13767582,25.12230863
16.8890972,37.21388672,1.139238977,3.672042777
11.73771909,47.80951408,8.154318311,38.29302745
11.14195618,4.800754091,0.725369266,2.371634161
12.73085157,31.70466854,5.603329646,14.40562137
13.17733116,53.544606,11.29463596,43.66813178
10.68870364,32.65158666,8.159933476,40.78334423
21.6532776,55.58379957,2.76163447,15.57167175
6.768588393,24.26133919,6.548411422,37.46235993
15.42053644,51.98008326,-0.031733994,17.270511
19.18230232,59.3147154,7.102677606,17.08586477
12.01952911,20.46510851,2.613481224,10.81258543
22.79360392,84.87058113,-2.400652938,19.19383275
15.92318758,32.94368019,3.304366155,23.3436121
15.22136268,29.41683249,3.690005769,19.64507662
8.893257924,30.56434063,3.796529605,1.188655894
17.974838,65.64744009,11.55021202,49.43060737
18.48412598,53.74680224,5.206734781,30.94802999
12.42806755,36.18897565,13.51100959,43.54128989
14.72689366,24.09078785,9.87957071,25.96654186
3.439330014,0.894781609,12.36022467,28.63937352
4.927399533,19.91189754,11.69849708,42.85433592
21.6048373,63.14958378,2.15468532,20.21740124
12.60745829,30.97175251,2.818527553,27.53067132
15.76359639,50.48255973,5.220295449,19.1964615
15.72125663,45.10490902,2.597911085,12.82015941
10.36708972,15.24920698,6.759998008,24.22504485
13.49212156,24.02592142,0.736343735,12.94561159
19.09474908,68.81047643,6.771521104,21.18724879
12.79142732,33.84966357,6.729262944,26.87932382
10.7884773,26.07412499,6.40039129,18.74491267
22.68754523,67.90896423,1.583017678,-1.250797107
12.79405192,43.93073433,3.698694039,23.48366212
12.52604374,26.84576239,5.912734708,24.80616087
17.49178157,56.66438078,2.789539541,15.89673777
4.506647717,-9.000497057,10.01067011,7.239964546
13.62918258,47.24989367,4.505715094,22.5711322
24.72379459,72.6845044,-7.304152242,2.866630668
17.78804356,44.17608859,5.945371416,20.55942376
13.90375482,34.68257801,4.459507362,15.570269
16.85531139,50.85769947,3.31456118,23.6917514
18.36492109,51.86259103,3.22476421,9.532097028
12.59926187,33.50852715,5.845897645,25.18821973
16.40773639,44.8773248,10.23905766,22.21939809
18.19092994,82.39811315,2.44771159,44.21568872
9.624540464,24.32309794,5.435264083,18.05006819
20.4924921,80.41090175,8.282834287,50.35001541
13.55979757,24.31373838,-0.267279212,-5.199266743
12.56156984,32.86851063,1.84934269,5.181597904
21.22459132,62.5175536,-0.124635977,26.87548931
12.42156767,37.24523139,0.777234487,13.85218848
22.09321412,39.5847044,2.75205214,-2.25132973
19.32488865,49.99062669,7.40413362,46.01412097
7.478679242,9.23907594,5.022723188,22.0719274
12.51089603,41.47946798,7.24237292,44.84203937
16.87613598,31.14438713,4.630839814,14.11150312
12.36611836,13.79368986,-2.05188429,-7.792965642
19.58686653,86.408038,-4.419452768,15.90379695
16.51562234,44.84964563,5.707345329,26.58630901
13.6430401,31.80668718,4.434908678,22.56713126
17.69589018,54.62847914,9.941984062,35.52633413
13.93103026,53.78025087,8.132134862,63.1692134
15.01632731,32.49152378,2.613807904,21.45938123
13.134244,12.05596138,6.618005434,-3.366410056
17.3910713,68.67286923,8.203945359,61.85993488
24.62563991,76.82717144,-2.468706299,16.35633027
21.95878752,86.02175397,1.630286616,26.30922357
15.80423754,40.45285033,3.164133909,29.61963341
10.8677639,27.43133634,2.552815067,18.38770347
10.35450893,10.26491975,11.46477724,26.05312675
11.60197081,34.43125121,8.997524836,9.79163448
11.19918923,19.94742701,-0.358708048,5.288973329
11.30865333,14.60196511,2.652970592,7.942952178
13.54679158,16.98277508,10.36761862,26.58087621
6.63468972,14.45981304,8.677851625,19.34761025
15.14115934,47.62686882,7.002034641,35.01108716
16.96003427,43.36065987,1.371531222,7.075682754
22.82050372,62.34206756,5.071295086,31.1588557
14.4133094,51.51609294,-1.583425017,10.76905977
15.58214673,37.40990137,6.25687115,4.582883231
17.07510176,36.57310236,6.972622853,7.308349298
13.36045409,48.09223961,6.321111852,29.97278892
18.83398145,56.68562737,5.513008969,25.00416251
7.075330538,-3.600913015,4.40984603,-2.191740139
16.95503014,47.49297033,3.979717533,17.79847188
18.21178282,55.08359127,6.209516272,21.38167327
21.56295448,38.86328015,-3.071958949,16.22203728
11.66492289,12.05406563,6.978651006,17.9374115
16.38644099,34.06699319,2.410453627,12.57508403
20.59518318,69.88471169,6.757874655,38.77250441
16.14434578,75.42568492,2.766100596,43.4195276
6.544930624,38.89899367,8.702603011,34.80247762
12.46339241,39.42819546,6.415923243,32.32316111
11.72325083,33.79016388,12.91539327,22.75304696
18.70572632,54.25661639,0.485172102,5.533495447
19.48957392,52.97992604,3.668094788,18.98361236
19.87805968,60.42751488,3.324671442,27.6304841
5.280981769,10.88509454,3.498134538,10.9170805
23.31008308,57.59613156,7.129915381,17.3310918
20.59182959,77.97542093,10.60211421,42.54960112
18.92226178,43.23668905,5.218080827,23.63269423
12.0533442,54.0227709,11.39813469,55.57416972
19.30182057,56.1953413,6.18135778,18.70607467
6.531344646,21.92331188,3.590290906,7.745675446
12.51321973,24.99747169,4.03448656,22.0948049
12.97903311,13.87546465,1.61137958,0.269185048
19.44303891,49.74227188,5.59595085,19.17113079
12.8300421,24.63408766,-1.696309596,-5.164081952
16.59379401,58.9628248,15.11626604,54.13752285
7.712573407,33.10980244,4.359974631,25.6525572
12.17215579,40.71655094,6.435021482,17.94111321
8.20779478,18.23778452,7.163622178,13.5676639
9.491202498,50.47423092,8.14383027,44.04739453
14.7842485,51.63217056,6.275246937,35.47253316
6.432366672,20.80458328,13.29528014,36.32173338
10.52160491,29.11118087,7.499328987,30.68608314
17.33389854,42.19476419,5.060164487,20.4320313
21.41229447,51.15815767,0.126703625,21.95839938
13.618055,31.64309821,0.603007496,1.762090349
18.41669588,62.12052128,5.640802373,24.52820451
14.23141785,50.2048799,3.118013447,22.0077265
17.90506567,52.0543071,4.088297823,26.5019148
23.09113503,75.16594997,-0.282214517,29.18566798
24.92554089,60.44524181,11.48625219,61.03960464
11.18993898,-0.339697786,6.294471835,2.483950725
12.40831933,35.28411474,4.418232032,45.47007039
8.325297861,36.11857207,6.126348267,9.46462827
13.41198285,47.50906976,2.095695311,18.15653735
3.589608435,9.90009104,12.69926424,32.13881871
14.78964548,43.53063635,3.223339225,17.83717947
17.28419001,40.08323686,3.486196668,12.73298168
15.19289003,39.22202759,3.019047921,17.94033063
8.585468361,21.15191415,4.303597176,6.811417066
14.63513825,16.99868226,10.60186393,33.55940174
15.68869707,36.84652668,-0.294427015,14.93514754
19.06777281,54.44499114,2.716251532,25.31923648
17.76506165,59.10155556,-3.845686123,-2.383062514
19.55650826,33.25307277,5.909258169,23.08274165
23.29464062,62.71032101,1.31670563,20.79295486
18.17593768,37.37787717,3.119045275,22.78611
16.45096568,18.75841378,5.231351678,2.173221627
12.95011348,31.18457196,7.306021273,26.07199457
17.27799349,46.81030993,6.135014359,20.97793855
9.439877904,5.463705747,-1.805328985,-9.958594725
15.50674924,45.19478412,2.841085672,26.80398915
15.90490906,57.53535681,5.128191728,36.42690613
10.40305009,2.55754026,2.443284094,-2.293687653
14.71846135,43.80865069,4.33426127,28.62097966
19.06402302,52.59748461,3.269990205,18.95186367
6.845444705,11.52814122,13.10961948,33.74195683
12.55320568,36.31625867,7.139964857,39.91553123
19.90944135,59.23075976,3.171016914,22.86772825
8.914996946,10.49961195,2.376985305,10.50085283
23.42755157,76.59628437,2.120697063,27.44580611
10.00197589,9.933070523,0.797382956,-10.23608723
4.455126845,11.88875845,5.628582715,2.569806723
16.80029798,48.67774897,7.224604638,24.27089589
7.412357189,9.776686775,10.89628093,36.03796952
21.71182835,66.64498976,3.248326613,19.04974354
15.91661518,42.95687195,5.047768771,12.1280373
11.85735423,32.50832256,7.438333955,17.44201351
13.27612514,42.94698039,9.534356646,39.99411688
15.43840043,33.39642745,6.551636541,20.54475974
13.68124113,30.74307383,5.754957026,27.17961001
19.20004483,38.32201859,4.817214872,4.493233832
16.19217037,62.20770199,9.962884489,56.90856674
11.52871192,30.35564122,-1.520637822,5.495134137
11.53333497,22.66751429,4.237589593,5.598426294
13.95085994,36.96772084,5.61957326,9.691261665
14.95117711,27.19174562,3.109952185,8.503898026
6.091566372,11.62861526,17.00499148,58.65676568
16.24087199,52.98948011,4.111292542,19.994066
9.420680335,37.04464433,8.198271754,24.59025532
11.83190099,18.79361379,1.170510435,-11.07549372
16.53872503,45.75541634,6.036442703,34.4032194
14.94243582,26.21252157,-1.65457442,-10.89581088
13.02417455,16.68447271,1.042319212,-2.850118923
9.87468366,14.4700784,7.942705927,8.599431322
13.67675434,23.25016574,-1.175154181,17.56706039
18.36165176,54.91141288,7.106113722,27.29356897
18.25472851,65.67323485,-1.285334504,13.13523881
16.01251965,37.32532337,7.327189265,25.34530347
13.44494571,38.73065299,12.9404906,41.86067131
11.7853194,47.09805856,12.22662529,32.81199696
23.46776038,68.03604806,-3.642538684,-8.506628983
19.91183856,49.16009462,1.16418056,-3.341758887
14.72441513,50.18979368,7.11319622,24.14364594
15.00281468,28.55838153,5.760302729,21.18374383
13.74971579,42.90055504,4.430003516,34.61527726
22.78686783,52.68935586,7.599910797,17.83210825
20.93136928,80.26148979,1.301341562,22.47614279
11.25614211,36.83461432,10.59684088,51.15764225
18.93405332,43.25080774,-2.354381015,18.87794484
17.14634112,56.18760521,5.566780447,40.4858305
7.141471732,22.72328327,6.320761116,0.744380912
19.66154355,56.96340731,-0.16760186,11.3110161
14.83735546,39.77405374,11.12411647,40.90348344
16.42009608,33.81316336,-1.652477755,-11.88088044
19.20695411,50.37976908,2.006336985,21.3391064
15.1187011,55.99062986,9.54111043,50.59353478
5.685325193,-11.85647887,10.17514421,33.74846985
12.3293422,41.31038889,8.789664055,44.66641323
17.75417084,31.46041354,6.582590238,17.84780033
21.43059307,45.52352607,4.080834793,20.02278815
28.11326275,102.3023191,-8.263019258,33.21789201
12.63245118,35.89432748,5.874076915,26.52979979
13.60926743,32.98416999,4.912279829,4.118148214
8.565742466,25.16751589,3.163509859,15.61422405
26.62336903,71.5065997,-2.08258517,10.83829861
13.98448374,38.54460618,1.698958426,11.50781406
14.38517481,43.72501045,7.404415192,36.68741111
8.580302989,33.10903248,8.826095048,38.39825064
19.3701887,35.70275292,6.63070204,8.33721567
14.69388085,31.85218629,7.779443417,36.59375479
14.88625116,44.31441277,6.02704152,27.972701
14.41669741,22.81945735,6.831900193,20.93369044
17.38605673,56.7855356,6.834630091,39.11993033
22.80942309,57.4771397,7.604897538,20.72873586
19.67137726,47.67847934,1.428019668,16.17053896
16.23804191,45.40899885,6.396215271,40.66300329
10.69879891,5.111757032,6.203072044,22.02019831
16.95671434,55.93709526,3.230635793,25.06681851
-1.97025279,-7.744590334,20.684152,45.32792088
15.04262524,45.2801284,1.672578557,14.56380895
23.37871842,74.54045198,-0.95151736,20.17804538
9.669521068,13.36355399,3.53760179,12.31425628
21.39995707,59.94683117,-2.456951293,29.79643413
20.47442332,43.87933436,-4.619355651,0.644658307
16.16148583,65.90088137,2.090223809,22.18145748
14.95259354,53.22001152,2.773288032,24.68376562
16.50995615,33.8885074,1.93908679,19.03612802
13.05364244,33.22589447,9.847494875,30.63569608
13.21467081,-1.851634126,0.922166981,0.258835967
13.2428481,57.43589168,3.991367031,32.90240342
16.39967815,51.17378558,3.483857921,38.06551794
22.97738711,65.13124893,5.613155568,38.16644513
23.93340834,54.64796004,0.728731465,24.83279709
12.71202238,41.71206382,6.222812465,25.67878623
15.74013246,29.22847058,7.969431468,0.045784819
10.05384226,29.47668668,3.393198401,18.78214714
17.56667973,54.57717262,5.165644248,23.73616935
12.16423779,5.495367162,2.756370568,-6.760906512
20.92659343,46.13001693,0.3691796,-7.110256727
22.76053935,58.02384235,0.285462266,13.61512375
23.43860175,55.74492648,1.211469362,23.45661198
17.61058032,48.41839716,4.824779511,31.93183043
18.98185854,52.54344487,5.955359192,35.92461545
19.26438222,59.31480995,2.603870958,33.70146934
15.35166898,41.53695956,7.262337773,17.90231924
16.68089844,39.12856425,9.147181593,28.60970158
7.809448824,39.72600557,2.391720399,16.56033594
9.914006479,16.93245821,11.03645818,19.92033349
14.11084099,40.68527986,8.443971972,27.62132935
9.734175845,24.05483553,6.511140926,17.82449304
10.93209368,28.70372682,9.49377309,28.20902018
18.37199382,53.44194474,-1.862588714,14.06781172
22.96889802,75.84345337,1.627514526,42.8914062
15.13648199,55.58250109,9.192157603,49.1338172
16.92976714,66.00230194,7.791943183,34.76343875
8.609062555,26.93017849,8.687751262,29.71490887
17.95658618,60.06704848,4.152071632,27.46386756
16.62633268,44.09333449,4.510531255,11.31659031
13.26492148,16.76060178,1.241085583,-0.835261379
12.66413358,9.452540237,6.998931511,22.07740818
13.65327527,57.20460153,5.451624487,22.25871595
10.75176286,45.26402708,6.539800062,30.36915619
1.637931048,7.991267828,10.86155422,33.06917823
6.94450956,15.30076439,7.28194443,21.57933039
17.7670209,29.51122087,5.806623386,9.809707822
13.57406173,38.24261443,10.62714814,41.32380696
14.25106732,13.87355064,3.189634414,21.15119362
22.98681957,52.96578654,-2.421432662,-1.230661565
21.11725287,60.49312786,7.826871775,55.55274589
20.359494,28.32677549,0.794118894,8.271929984
19.34641784,66.71847899,1.975716367,9.940102588
28.93824086,55.3852862,5.876050627,15.74164878
14.45856853,45.41042871,6.021926765,26.40410362
7.12543688,2.645355439,0.799085941,-4.084434607
7.971412829,21.27044437,6.194336881,27.03000703
14.29336004,24.45863139,5.843790434,33.44816088
20.15130733,57.4135798,4.560063286,24.96063387
13.88361707,26.49040609,3.572222614,7.973215478
11.92404704,38.7732897,8.112441391,27.06628031
12.19294217,10.43611397,7.592489013,27.44903451
15.18802462,61.4319,7.091623429,42.90983359
16.68561401,38.82246831,4.468867859,21.4020301
17.86502221,29.82693428,8.186227805,36.42627093
11.96510205,37.32287654,10.41716315,40.70428567
22.03810224,70.05939933,1.717078941,18.92903758
8.86712286,10.50060361,3.336075433,7.821837314
25.42258877,68.03264094,-3.313013531,10.91535181
19.11374703,47.74519415,-1.794786641,3.27907908
12.93170544,31.56255913,6.758156434,37.53345235
16.85333527,42.74014432,5.261241934,24.71258174
7.021065232,21.87051771,11.60252986,21.42614475
12.72690017,21.34103126,0.425152385,1.718056693
6.901878103,-3.686266891,7.253426344,21.25509607
14.96373879,42.32239287,11.02611077,22.53305583
9.062098837,23.26195956,10.13775757,29.49830129
17.44400617,65.36041911,5.936460687,36.53759453
11.83776143,16.22264872,7.125096319,25.06126021
20.25759124,36.93670223,1.642002716,22.25802126
6.490664607,16.31963261,12.65135862,24.55465984
16.33945235,44.87033564,2.908361227,4.599878148
15.86483973,43.02161512,0.590959595,7.760391384
19.09166447,57.03801069,2.226489504,8.9012913
16.67918777,44.6421552,6.98546279,26.34012487
7.958427405,12.12418985,6.524178344,3.864840179
14.32246563,36.58634837,4.108219565,35.18149451
18.34769515,66.76360203,4.782266953,25.50917526
9.40601674,20.48975068,12.33094462,50.9522246
16.78197012,45.77178311,5.356142007,27.42257717
13.52393959,31.09572618,5.151940842,16.3813205
18.6969182,44.57315035,1.601268854,24.45945898
8.190116222,15.12973254,7.622270593,24.96030262
11.18643304,41.47698221,1.397952766,12.68945118
13.39243549,21.89872622,6.315600877,15.16870579
7.719048549,27.83143436,11.88337335,51.15325965
16.51732691,58.29425743,1.849782282,17.61147646
10.93228144,11.68481282,5.465314571,11.59492377
8.742787735,24.19655404,8.369064844,33.82282171
14.99546773,44.09665806,2.181603736,15.93376744
18.5651442,65.87809485,1.876668192,17.87249598
14.51459362,21.7512162,2.207838163,8.031499933
13.08891262,36.9214844,1.009123708,12.64945465
11.21521424,31.03185373,11.66411012,33.93536039
15.95552859,42.33919083,9.400616654,35.90686113
4.181505657,3.733883665,7.040982695,26.44142784
7.933864381,-6.530535912,-0.009081497,-12.08984082
10.52997125,20.22376309,6.111076272,8.371363959
10.54168525,23.45188609,6.033337906,17.3931229
17.56484574,65.03915274,4.409030023,43.51894194
15.53700027,55.04668675,1.904743874,28.24850765
15.05609962,24.39269178,4.797261317,14.71341871
14.01643976,61.13513245,7.992070029,48.24995846
18.18581457,45.19914985,4.654598742,14.93474739
22.97899121,59.41483554,1.240256888,8.273172029
11.57245654,34.43939331,7.048748824,23.49184939
16.49952931,62.12151715,6.203976406,29.59543407
18.47346018,36.98660617,2.151894642,13.55582621
10.51232503,36.85423285,7.107701828,15.28224239
13.20489563,56.27667865,6.29264436,37.96608901
16.11381321,46.27248011,3.351782372,24.9106904
16.51933497,39.05363971,0.425531663,0.489825599
14.96780389,32.64420916,2.618741496,24.23095993
20.5749555,55.0135625,3.399104009,19.54599397
5.21311474,7.778395082,13.84576655,38.24871414
5.453006841,6.900504521,10.49533785,33.36337359
13.13846432,37.58847248,6.223236716,25.85949637
25.38085287,81.94561153,-0.690797683,27.68489909
15.11885932,33.46260261,-1.997834944,10.93139782
14.42181063,32.99676141,2.371800006,11.18040847
17.19932175,39.59040426,3.878618554,17.50932484
23.9228136,62.42702095,1.1730462,6.932171594
16.78644462,32.69435436,7.104127824,23.8603695
15.28015738,51.77634966,7.658244966,24.70843149
26.01856751,69.13540037,4.625377424,29.47415636
13.64457336,45.29625269,7.575524824,14.84811021
9.098664888,-0.406153568,4.971464812,16.35181548
11.87632125,23.36338379,11.41273853,7.221370487
25.46627893,87.22728676,-1.008080343,13.1189518
24.04935088,52.05520023,1.165861191,16.54380335
17.92135677,38.49311989,0.145084331,-2.640122371
12.56906494,21.71658038,0.864119779,2.111505581
18.32112185,55.74973219,4.704905065,7.609695789
8.891740007,25.60062433,4.875685252,14.5407311
16.40073961,45.98178918,5.649604699,40.22188933
1.791725617,0.053364532,5.747170683,3.505624387
21.77686629,65.57234696,3.121020379,25.93470436
22.22937862,72.30915229,0.875213521,17.73847013
13.77511077,51.43293265,9.353613005,36.07230594
0.184895584,-25.61931769,2.815670513,-16.54903077
9.118456458,40.45309108,3.701555881,15.96191564
10.3961035,43.5253953,10.74391514,46.74358398
16.47138691,31.9753789,1.756069119,16.51152883
16.01861394,34.87509983,6.714721844,18.73595709
18.13845793,57.52501128,3.934268854,13.35866375
14.94907278,50.77456546,8.603835642,41.75780416
14.36175688,22.75146564,7.376046058,32.26625709
8.897674058,16.21454312,9.603516598,27.04933133
16.92616595,21.72299585,4.434305561,29.46057172
20.18653936,41.61501598,2.490974332,2.730206496
11.21057933,45.78360771,10.58215237,36.81637347
20.79009468,52.79839375,1.118307058,20.51011538
22.85017955,65.76058817,-3.168312822,16.21713642
19.72532036,58.92918219,4.916959555,24.2101758
4.347048243,-14.12088637,7.531909324,-0.81174004
18.31767035,44.34446627,9.103461181,24.3772984
13.87080502,42.37326714,1.762319013,22.80041677
21.93772923,52.63775665,7.765349945,21.35337855
7.491930706,33.67323005,7.737998402,52.97708538
15.79439595,33.35887913,0.507308541,11.65989007
16.98069533,54.76255477,3.784420335,23.08931103
22.55722134,63.09265335,-0.010895549,17.14212724
17.55443018,61.31806681,3.356929735,35.12787763
21.17045877,90.69763394,11.33159099,60.49338503
15.29745096,36.71349723,2.026246309,19.27401127
10.04336598,36.76087348,11.5544784,43.94481434
23.12692294,51.76935238,-6.578873798,-8.690755287
20.08875568,52.02578597,5.972855518,13.91062014
13.87108305,50.08326944,9.085661446,31.79112403
14.3833504,24.98845962,5.107594518,18.6257488
17.53260344,42.58581979,1.247061383,16.98512505
12.18893015,30.63631268,7.651894493,20.15058996
19.2186946,61.47347904,4.902851862,43.05401551
12.23863578,17.85885851,2.100287443,-4.373407314
14.11632845,44.9741856,8.752409766,44.01819333
14.62763284,58.0262907,1.462400363,15.70443435
9.701419112,29.52635525,10.60927345,59.51925991
10.09628561,37.88576329,7.288198564,27.75681597
12.67041136,35.29444072,4.132196126,21.0056494
14.44752086,22.27463135,6.089841246,27.98071741
11.97353109,12.46035244,-4.013666627,-0.371308779
19.30497158,53.92722049,2.825955341,22.25041862
19.29271628,50.53409558,6.997134272,37.58801685
15.13494855,45.53260336,5.666632003,12.28871643
10.85167435,16.87742923,9.611939959,30.82276416
22.75258538,37.13161399,4.111076548,10.22422318
14.01903683,45.30741978,6.43028049,46.43010133
17.55441016,66.0996137,4.144029875,32.82792462
17.91735215,56.47428278,1.462507041,9.496467893
14.74942995,42.09490996,7.646595958,28.52396101
6.013194013,3.098628189,9.98221643,19.33265429
11.82735154,28.03235095,4.221767559,11.71340075
20.26529759,52.85010913,1.97637748,15.41687005
16.71379068,25.23984558,1.639220101,7.103964053
16.16789076,41.95044479,10.58817822,27.79175496
9.926361142,21.14517595,5.964203968,8.47957151
13.84317667,35.3830781,6.325095756,20.2491229
11.25052967,26.74353956,7.310540229,22.48587747
7.846875162,12.71733744,9.066632398,16.79956433
9.298912235,29.16481245,5.246923142,8.959688221
10.52155167,33.29528375,9.557913518,39.28524804
9.937650932,7.407566038,7.278852053,34.78525298
15.5739551,19.52396559,5.593118118,21.28109694
15.24943897,58.14242415,5.489101608,38.66592289
1.217877168,-16.41868466,12.69300029,23.07122796
17.84017804,56.75833879,5.888087905,32.95627008
18.60295253,47.15223501,3.99197625,29.72023652
12.46357206,40.16528196,11.64799625,46.41741292
15.30242692,28.56832793,2.962796399,17.31282717
21.28655344,44.33152386,3.697496998,15.42633439
6.524774585,-7.829254892,8.338950434,11.1246581
18.93337683,59.18650471,9.865541816,47.81684191
13.8174959,30.42692301,5.443226397,27.42871755
16.39901332,21.45813049,5.018887397,13.68498477
18.00721764,50.18166232,5.131663752,34.84708544
6.326307413,-8.572337416,6.833846541,-16.43284753
19.58430714,46.70763545,3.819223137,26.5073938
15.70218738,44.10759495,1.373624835,22.85928166
12.62193973,25.94039839,0.122494871,21.03012242
15.90240265,41.93985963,1.958929792,23.71338471
10.28660694,32.67916333,4.751580112,21.31103866
16.64143793,56.04719841,9.045005077,22.50126348
17.94703367,33.01149722,-4.109364847,-20.52055098
10.63426581,24.96748056,1.26149393,-0.730610591
10.85936138,23.78111971,7.169896689,16.24069687
12.173999,51.00543754,5.377178712,26.44448104
12.81787037,36.56021839,7.731043416,35.43778088
24.17743263,86.61759433,-4.903704662,14.47726415
12.24092757,24.12520965,8.780411557,19.04461646
5.286428231,11.0981683,5.988970223,11.4172741
13.017855,39.46297948,4.126847845,16.25945485
14.28403306,60.55505915,9.774945794,60.51687125
21.70816105,68.65589846,6.376452653,50.74872586
16.87304547,39.24472909,5.73143405,21.54567077
18.06612229,64.27558106,7.189413968,60.8968992
16.35377457,50.37169628,4.319657477,31.06616051
12.89115642,8.630746422,0.981090077,-5.574080889
15.19972037,45.7142336,2.676969539,17.74225189
9.680755025,25.54452741,5.036763703,17.1229485
14.26114498,27.82599039,9.009719751,48.26515062
26.53321852,87.02933541,1.972253848,23.96784815
17.62039541,29.43269255,1.167717308,-16.76667892
16.85949847,42.01775989,-3.074111513,-0.103201241
16.32813662,40.05645873,3.189357358,21.44046332
12.49529574,27.19577231,9.673822057,31.41727752
8.184761777,18.84060928,9.241481555,6.214387854
17.04679602,61.76859666,8.634922986,49.07368553
6.459560092,10.3967861,7.292485849,32.22078961
11.44749439,21.70495786,13.11367851,32.70739601
10.61710001,31.42130357,10.75149981,51.01102214
12.87855083,44.40020743,3.687066577,31.6533396
7.529119128,13.96955834,6.64268074,11.02335257
18.24653948,49.69500686,4.45392869,24.26970696
14.5895191,43.21204624,9.626997755,26.59499725
14.64185592,14.01135202,6.199023368,11.65135667
9.669859559,17.90177749,9.444092482,25.22518175
17.28163096,56.27425299,3.634980176,32.84509643
14.37641551,51.8789034,4.663281861,31.15584986
19.30811346,37.93589523,3.086979266,5.454023056